<application>
  <component name="IntentionManagerSettings">
    <ignoreAction name="Django/Convert function-based generic view to class-based." />
    <ignoreAction name="EditorConfig/Add declaration part" />
    <ignoreAction name="EditorConfig/Invert option value" />
    <ignoreAction name="JSON/Evaluate JSONPath Expression" />
    <ignoreAction name="JSON/Sort properties alphabetically" />
    <ignoreAction name="Language injection/Edit injected fragment" />
    <ignoreAction name="Language injection/Edit injection settings" />
    <ignoreAction name="Language injection/Inject language or reference" />
    <ignoreAction name="Language injection/Uninject language or reference" />
    <ignoreAction name="LightEdit mode/Open file in project..." />
    <ignoreAction name="Markdown/Configure image" />
    <ignoreAction name="Markdown/Hide errors in code fences" />
    <ignoreAction name="Markdown/Insert column" />
    <ignoreAction name="Markdown/Remove column" />
    <ignoreAction name="Markdown/Remove row" />
    <ignoreAction name="Markdown/Set column alignment" />
    <ignoreAction name="Microservices/Open in web browser" />
    <ignoreAction name="Other/Convert absolute path to relative" />
    <ignoreAction name="Other/Convert relative path to absolute" />
    <ignoreAction name="Other/Create new scratch file from selection" />
    <ignoreAction name="Other/Flip comma" />
    <ignoreAction name="Other/Put elements on multiple lines" />
    <ignoreAction name="Other/Put elements on one line" />
    <ignoreAction name="Other/Rollback changes in current line" />
    <ignoreAction name="Python/Add type hint for variable" />
    <ignoreAction name="Python/Add type hints for function" />
    <ignoreAction name="Python/Convert 'from module import' to 'import module'" />
    <ignoreAction name="Python/Convert 'import module' to 'from module import'" />
    <ignoreAction name="Python/Convert absolute import to relative" />
    <ignoreAction name="Python/Convert collection to list" />
    <ignoreAction name="Python/Convert collection to set" />
    <ignoreAction name="Python/Convert collection to tuple" />
    <ignoreAction name="Python/Convert dict constructor to dict literal" />
    <ignoreAction name="Python/Convert dict literal to dict constructor" />
    <ignoreAction name="Python/Convert format operator to 'str.format' method call" />
    <ignoreAction name="Python/Convert lambda to function" />
    <ignoreAction name="Python/Convert list comprehensions to 'for' loop" />
    <ignoreAction name="Python/Convert method to property" />
    <ignoreAction name="Python/Convert relative import to absolute" />
    <ignoreAction name="Python/Convert single-quoted to double-quoted strings and vice versa" />
    <ignoreAction name="Python/Convert static method to function" />
    <ignoreAction name="Python/Convert to f-string literal" />
    <ignoreAction name="Python/Convert triple-quoted string to single-quoted string" />
    <ignoreAction name="Python/Convert type comment to variable annotation" />
    <ignoreAction name="Python/Convert variadic parameters to normal" />
    <ignoreAction name="Python/De Morgan's law" />
    <ignoreAction name="Python/Flip comparison" />
    <ignoreAction name="Python/Insert docstring stub" />
    <ignoreAction name="Python/Insert type assertion" />
    <ignoreAction name="Python/Invert 'if' condition" />
    <ignoreAction name="Python/Join 'if' statements" />
    <ignoreAction name="Python/Negate comparison" />
    <ignoreAction name="Python/Replace string concatenation with 'str.format'" />
    <ignoreAction name="Python/Specify type for reference in docstring" />
    <ignoreAction name="Python/Specify type for reference using annotation" />
    <ignoreAction name="Python/Split 'if' statement" />
    <ignoreAction name="Python/Switch using import aliases" />
    <ignoreAction name="Python/Transform conditional expressions into 'if/else' statements" />
    <ignoreAction name="Python/Transform explicit iterations with 'yield' into 'yield from' expressions" />
    <ignoreAction name="RegExp/Check RegExp" />
    <ignoreAction name="TOML/Expand into separate table" />
    <ignoreAction name="XML/Add 'xsi:schemaLocation' attribute" />
    <ignoreAction name="XML/Choose color" />
    <ignoreAction name="XML/Collapse empty tag" />
    <ignoreAction name="XML/Convert CDATA to text" />
    <ignoreAction name="XML/Convert text to CDATA" />
    <ignoreAction name="XML/Fetch external resource" />
    <ignoreAction name="XML/Insert namespace prefix" />
    <ignoreAction name="XML/Manually set up external resource" />
    <ignoreAction name="XML/Rearrange tag attributes" />
    <ignoreAction name="XML/Remove attribute" />
    <ignoreAction name="XML/Remove tag (preserves children)" />
    <ignoreAction name="XML/Reset to default namespace" />
    <ignoreAction name="XML/Split current tag" />
  </component>
</application>